ticker,company_name,cik,sic,sic_description,form,filing_date,report_date,accession_number,primary_document,primary_doc_description,filing_url
MMM,3M,0000066740,,,,,,,,,http://www.sec.gov/cgi-bin/browse-edgar?action=getcompany&CIK=MMM
AOS,A. O. Smith,0000091142,,,,,,,,,http://www.sec.gov/cgi-bin/browse-edgar?action=getcompany&CIK=AOS
ABT,Abbott Laboratories,0000001800,,,,,,,,,http://www.sec.gov/cgi-bin/browse-edgar?action=getcompany&CIK=ABT
ABBV,AbbVie,0001551152,,,,,,,,,http://www.sec.gov/cgi-bin/browse-edgar?action=getcompany&CIK=ABBV
ACN,Accenture,0001467373,,,,,,,,,http://www.sec.gov/cgi-bin/browse-edgar?action=getcompany&CIK=ACN
ADBE,Adobe Inc.,0000796343,,,,,,,,,http://www.sec.gov/cgi-bin/browse-edgar?action=getcompany&CIK=ADBE
AMD,Advanced Micro Devices,0000002488,,,,,,,,,http://www.sec.gov/cgi-bin/browse-edgar?action=getcompany&CIK=AMD
AES,AES Corporation,0000874761,,,,,,,,,http://www.sec.gov/cgi-bin/browse-edgar?action=getcompany&CIK=AES
AFL,Aflac,0000004977,,,,,,,,,http://www.sec.gov/cgi-bin/browse-edgar?action=getcompany&CIK=AFL
A,Agilent Technologies,0001090872,,,,,,,,,http://www.sec.gov/cgi-bin/browse-edgar?action=getcompany&CIK=A
APD,Air Products,0000002969,,,,,,,,,http://www.sec.gov/cgi-bin/browse-edgar?action=getcompany&CIK=APD
ABNB,Airbnb,0001559720,,,,,,,,,http://www.sec.gov/cgi-bin/browse-edgar?action=getcompany&CIK=ABNB
AKAM,Akamai Technologies,0001086222,,,,,,,,,http://www.sec.gov/cgi-bin/browse-edgar?action=getcompany&CIK=AKAM
ALB,Albemarle Corporation,0000915913,,,,,,,,,http://www.sec.gov/cgi-bin/browse-edgar?action=getcompany&CIK=ALB
ARE,Alexandria Real Estate Equities,0001035443,,,,,,,,,http://www.sec.gov/cgi-bin/browse-edgar?action=getcompany&CIK=ARE
ALGN,Align Technology,0001097149,,,,,,,,,http://www.sec.gov/cgi-bin/browse-edgar?action=getcompany&CIK=ALGN
ALLE,Allegion,0001579241,,,,,,,,,http://www.sec.gov/cgi-bin/browse-edgar?action=getcompany&CIK=ALLE
LNT,Alliant Energy,0000352541,,,,,,,,,http://www.sec.gov/cgi-bin/browse-edgar?action=getcompany&CIK=LNT
ALL,Allstate,0000899051,,,,,,,,,http://www.sec.gov/cgi-bin/browse-edgar?action=getcompany&CIK=ALL
GOOGL,Alphabet Inc. (Class A),0001652044,,,,,,,,,http://www.sec.gov/cgi-bin/browse-edgar?action=getcompany&CIK=GOOGL
GOOG,Alphabet Inc. (Class C),0001652044,,,,,,,,,http://www.sec.gov/cgi-bin/browse-edgar?action=getcompany&CIK=GOOG
MO,Altria,0000764180,,,,,,,,,http://www.sec.gov/cgi-bin/browse-edgar?action=getcompany&CIK=MO
AMZN,Amazon,0001018724,,,,,,,,,http://www.sec.gov/cgi-bin/browse-edgar?action=getcompany&CIK=AMZN
AMCR,Amcor,0001748790,,,,,,,,,http://www.sec.gov/cgi-bin/browse-edgar?action=getcompany&CIK=AMCR
AEE,Ameren,0001002910,,,,,,,,,http://www.sec.gov/cgi-bin/browse-edgar?action=getcompany&CIK=AEE
AEP,American Electric Power,0000004904,,,,,,,,,http://www.sec.gov/cgi-bin/browse-edgar?action=getcompany&CIK=AEP
AXP,American Express,0000004962,,,,,,,,,http://www.sec.gov/cgi-bin/browse-edgar?action=getcompany&CIK=AXP
AIG,American International Group,0000005272,,,,,,,,,http://www.sec.gov/cgi-bin/browse-edgar?action=getcompany&CIK=AIG
AMT,American Tower,0001053507,,,,,,,,,http://www.sec.gov/cgi-bin/browse-edgar?action=getcompany&CIK=AMT
AWK,American Water Works,0001410636,,,,,,,,,http://www.sec.gov/cgi-bin/browse-edgar?action=getcompany&CIK=AWK
AMP,Ameriprise Financial,0000820027,,,,,,,,,http://www.sec.gov/cgi-bin/browse-edgar?action=getcompany&CIK=AMP
AME,Ametek,0001037868,,,,,,,,,http://www.sec.gov/cgi-bin/browse-edgar?action=getcompany&CIK=AME
AMGN,Amgen,0000318154,,,,,,,,,http://www.sec.gov/cgi-bin/browse-edgar?action=getcompany&CIK=AMGN
APH,Amphenol,0000820313,,,,,,,,,http://www.sec.gov/cgi-bin/browse-edgar?action=getcompany&CIK=APH
ADI,Analog Devices,0000006281,,,,,,,,,http://www.sec.gov/cgi-bin/browse-edgar?action=getcompany&CIK=ADI
AON,Aon plc,0000315293,,,,,,,,,http://www.sec.gov/cgi-bin/browse-edgar?action=getcompany&CIK=AON
APA,APA Corporation,0001841666,,,,,,,,,http://www.sec.gov/cgi-bin/browse-edgar?action=getcompany&CIK=APA
APO,Apollo Global Management,0001858681,,,,,,,,,
AAPL,Apple Inc.,0000320193,,,,,,,,,http://www.sec.gov/cgi-bin/browse-edgar?action=getcompany&CIK=AAPL
AMAT,Applied Materials,0000006951,,,,,,,,,http://www.sec.gov/cgi-bin/browse-edgar?action=getcompany&CIK=AMAT
APP,AppLovin,0001751008,,,,,,,,,
APTV,Aptiv,0001521332,,,,,,,,,http://www.sec.gov/cgi-bin/browse-edgar?action=getcompany&CIK=APTV
ACGL,Arch Capital Group,0000947484,,,,,,,,,http://www.sec.gov/cgi-bin/browse-edgar?action=getcompany&CIK=ACGL
ADM,Archer Daniels Midland,0000007084,,,,,,,,,http://www.sec.gov/cgi-bin/browse-edgar?action=getcompany&CIK=ADM
ARES,Ares Management,0001176948,,,,,,,,,
ANET,Arista Networks,0001596532,,,,,,,,,http://www.sec.gov/cgi-bin/browse-edgar?action=getcompany&CIK=ANET
AJG,Arthur J. Gallagher & Co.,0000354190,,,,,,,,,http://www.sec.gov/cgi-bin/browse-edgar?action=getcompany&CIK=AJG
AIZ,Assurant,0001267238,,,,,,,,,http://www.sec.gov/cgi-bin/browse-edgar?action=getcompany&CIK=AIZ
T,AT&T,0000732717,,,,,,,,,http://www.sec.gov/cgi-bin/browse-edgar?action=getcompany&CIK=T
ATO,Atmos Energy,0000731802,,,,,,,,,http://www.sec.gov/cgi-bin/browse-edgar?action=getcompany&CIK=ATO
ADSK,Autodesk,0000769397,,,,,,,,,http://www.sec.gov/cgi-bin/browse-edgar?action=getcompany&CIK=ADSK
ADP,Automatic Data Processing,0000008670,,,,,,,,,http://www.sec.gov/cgi-bin/browse-edgar?action=getcompany&CIK=ADP
AZO,AutoZone,0000866787,,,,,,,,,http://www.sec.gov/cgi-bin/browse-edgar?action=getcompany&CIK=AZO
AVB,AvalonBay Communities,0000915912,,,,,,,,,http://www.sec.gov/cgi-bin/browse-edgar?action=getcompany&CIK=AVB
AVY,Avery Dennison,0000008818,,,,,,,,,http://www.sec.gov/cgi-bin/browse-edgar?action=getcompany&CIK=AVY
AXON,Axon Enterprise,0001069183,,,,,,,,,http://www.sec.gov/cgi-bin/browse-edgar?action=getcompany&CIK=AXON
BKR,Baker Hughes,0001701605,,,,,,,,,http://www.sec.gov/cgi-bin/browse-edgar?action=getcompany&CIK=BKR
BALL,Ball Corporation,0000009389,,,,,,,,,http://www.sec.gov/cgi-bin/browse-edgar?action=getcompany&CIK=BALL
BAC,Bank of America,0000070858,,,,,,,,,http://www.sec.gov/cgi-bin/browse-edgar?action=getcompany&CIK=BAC
BAX,Baxter International,0000010456,,,,,,,,,http://www.sec.gov/cgi-bin/browse-edgar?action=getcompany&CIK=BAX
BDX,Becton Dickinson,0000010795,,,,,,,,,http://www.sec.gov/cgi-bin/browse-edgar?action=getcompany&CIK=BDX
BRK-B,Berkshire Hathaway,0001067983,,,,,,,,,http://www.sec.gov/cgi-bin/browse-edgar?action=getcompany&CIK=BRK.B
BBY,Best Buy,0000764478,,,,,,,,,http://www.sec.gov/cgi-bin/browse-edgar?action=getcompany&CIK=BBY
TECH,Bio-Techne,0000842023,,,,,,,,,http://www.sec.gov/cgi-bin/browse-edgar?action=getcompany&CIK=TECH
BIIB,Biogen,0000875045,,,,,,,,,http://www.sec.gov/cgi-bin/browse-edgar?action=getcompany&CIK=BIIB
BLK,BlackRock,0002012383,,,,,,,,,http://www.sec.gov/cgi-bin/browse-edgar?action=getcompany&CIK=BLK
BX,Blackstone Inc.,0001393818,,,,,,,,,http://www.sec.gov/cgi-bin/browse-edgar?action=getcompany&CIK=BX
XYZ,"Block, Inc.",0001512673,,,,,,,,,
BK,BNY Mellon,0001390777,,,,,,,,,http://www.sec.gov/cgi-bin/browse-edgar?action=getcompany&CIK=BK
BA,Boeing,0000012927,,,,,,,,,http://www.sec.gov/cgi-bin/browse-edgar?action=getcompany&CIK=BA
BKNG,Booking Holdings,0001075531,,,,,,,,,http://www.sec.gov/cgi-bin/browse-edgar?action=getcompany&CIK=BKNG
BSX,Boston Scientific,0000885725,,,,,,,,,http://www.sec.gov/cgi-bin/browse-edgar?action=getcompany&CIK=BSX
BMY,Bristol Myers Squibb,0000014272,,,,,,,,,http://www.sec.gov/cgi-bin/browse-edgar?action=getcompany&CIK=BMY
AVGO,Broadcom,0001730168,,,,,,,,,http://www.sec.gov/cgi-bin/browse-edgar?action=getcompany&CIK=AVGO
BR,Broadridge Financial Solutions,0001383312,,,,,,,,,http://www.sec.gov/cgi-bin/browse-edgar?action=getcompany&CIK=BR
BRO,Brown & Brown,0000079282,,,,,,,,,http://www.sec.gov/cgi-bin/browse-edgar?action=getcompany&CIK=BRO
BF-B,Brown–Forman,0000014693,,,,,,,,,http://www.sec.gov/cgi-bin/browse-edgar?action=getcompany&CIK=BF.B
BLDR,Builders FirstSource,0001316835,,,,,,,,,http://www.sec.gov/cgi-bin/browse-edgar?action=getcompany&CIK=BLDR
BG,Bunge Global,0001996862,,,,,,,,,http://www.sec.gov/cgi-bin/browse-edgar?action=getcompany&CIK=BG
BXP,"BXP, Inc.",0001037540,,,,,,,,,http://www.sec.gov/cgi-bin/browse-edgar?action=getcompany&CIK=BXP
CHRW,C.H. Robinson,0001043277,,,,,,,,,http://www.sec.gov/cgi-bin/browse-edgar?action=getcompany&CIK=CHRW
CDNS,Cadence Design Systems,0000813672,,,,,,,,,http://www.sec.gov/cgi-bin/browse-edgar?action=getcompany&CIK=CDNS
CPT,Camden Property Trust,0000906345,,,,,,,,,http://www.sec.gov/cgi-bin/browse-edgar?action=getcompany&CIK=CPT
CPB,Campbell's Company (The),0000016732,,,,,,,,,http://www.sec.gov/cgi-bin/browse-edgar?action=getcompany&CIK=CPB
COF,Capital One,0000927628,,,,,,,,,http://www.sec.gov/cgi-bin/browse-edgar?action=getcompany&CIK=COF
CAH,Cardinal Health,0000721371,,,,,,,,,http://www.sec.gov/cgi-bin/browse-edgar?action=getcompany&CIK=CAH
CCL,Carnival,0000815097,,,,,,,,,http://www.sec.gov/cgi-bin/browse-edgar?action=getcompany&CIK=CCL
CARR,Carrier Global,0001783180,,,,,,,,,http://www.sec.gov/cgi-bin/browse-edgar?action=getcompany&CIK=CARR
CVNA,Carvana,0001690820,,,,,,,,,
CAT,Caterpillar Inc.,0000018230,,,,,,,,,http://www.sec.gov/cgi-bin/browse-edgar?action=getcompany&CIK=CAT
CBOE,Cboe Global Markets,0001374310,,,,,,,,,http://www.sec.gov/cgi-bin/browse-edgar?action=getcompany&CIK=CBOE
CBRE,CBRE Group,0001138118,,,,,,,,,http://www.sec.gov/cgi-bin/browse-edgar?action=getcompany&CIK=CBRE
CDW,CDW Corporation,0001402057,,,,,,,,,http://www.sec.gov/cgi-bin/browse-edgar?action=getcompany&CIK=CDW
COR,Cencora,0001140859,,,,,,,,,http://www.sec.gov/cgi-bin/browse-edgar?action=getcompany&CIK=COR
CNC,Centene Corporation,0001071739,,,,,,,,,http://www.sec.gov/cgi-bin/browse-edgar?action=getcompany&CIK=CNC
CNP,CenterPoint Energy,0001130310,,,,,,,,,http://www.sec.gov/cgi-bin/browse-edgar?action=getcompany&CIK=CNP
CF,CF Industries,0001324404,,,,,,,,,http://www.sec.gov/cgi-bin/browse-edgar?action=getcompany&CIK=CF
CRL,Charles River Laboratories,0001100682,,,,,,,,,http://www.sec.gov/cgi-bin/browse-edgar?action=getcompany&CIK=CRL
SCHW,Charles Schwab Corporation,0000316709,,,,,,,,,http://www.sec.gov/cgi-bin/browse-edgar?action=getcompany&CIK=SCHW
CHTR,Charter Communications,0001091667,,,,,,,,,http://www.sec.gov/cgi-bin/browse-edgar?action=getcompany&CIK=CHTR
CVX,Chevron Corporation,0000093410,,,,,,,,,http://www.sec.gov/cgi-bin/browse-edgar?action=getcompany&CIK=CVX
CMG,Chipotle Mexican Grill,0001058090,,,,,,,,,http://www.sec.gov/cgi-bin/browse-edgar?action=getcompany&CIK=CMG
CB,Chubb Limited,0000896159,,,,,,,,,http://www.sec.gov/cgi-bin/browse-edgar?action=getcompany&CIK=CB
CHD,Church & Dwight,0000313927,,,,,,,,,http://www.sec.gov/cgi-bin/browse-edgar?action=getcompany&CIK=CHD
CIEN,Ciena,0000936395,,,,,,,,,
CI,Cigna,0001739940,,,,,,,,,http://www.sec.gov/cgi-bin/browse-edgar?action=getcompany&CIK=CI
CINF,Cincinnati Financial,0000020286,,,,,,,,,http://www.sec.gov/cgi-bin/browse-edgar?action=getcompany&CIK=CINF
CTAS,Cintas,0000723254,,,,,,,,,http://www.sec.gov/cgi-bin/browse-edgar?action=getcompany&CIK=CTAS
CSCO,Cisco,0000858877,,,,,,,,,http://www.sec.gov/cgi-bin/browse-edgar?action=getcompany&CIK=CSCO
C,Citigroup,0000831001,,,,,,,,,http://www.sec.gov/cgi-bin/browse-edgar?action=getcompany&CIK=C
CFG,Citizens Financial Group,0000759944,,,,,,,,,http://www.sec.gov/cgi-bin/browse-edgar?action=getcompany&CIK=CFG
CLX,Clorox,0000021076,,,,,,,,,http://www.sec.gov/cgi-bin/browse-edgar?action=getcompany&CIK=CLX
CME,CME Group,0001156375,,,,,,,,,http://www.sec.gov/cgi-bin/browse-edgar?action=getcompany&CIK=CME
CMS,CMS Energy,0000811156,,,,,,,,,http://www.sec.gov/cgi-bin/browse-edgar?action=getcompany&CIK=CMS
KO,Coca-Cola Company (The),0000021344,,,,,,,,,http://www.sec.gov/cgi-bin/browse-edgar?action=getcompany&CIK=KO
CTSH,Cognizant,0001058290,,,,,,,,,http://www.sec.gov/cgi-bin/browse-edgar?action=getcompany&CIK=CTSH
COIN,Coinbase,0001679788,,,,,,,,,
CL,Colgate-Palmolive,0000021665,,,,,,,,,http://www.sec.gov/cgi-bin/browse-edgar?action=getcompany&CIK=CL
CMCSA,Comcast,0001166691,,,,,,,,,http://www.sec.gov/cgi-bin/browse-edgar?action=getcompany&CIK=CMCSA
FIX,Comfort Systems USA,0001035983,,,,,,,,,
CAG,Conagra Brands,0000023217,,,,,,,,,http://www.sec.gov/cgi-bin/browse-edgar?action=getcompany&CIK=CAG
COP,ConocoPhillips,0001163165,,,,,,,,,http://www.sec.gov/cgi-bin/browse-edgar?action=getcompany&CIK=COP
ED,Consolidated Edison,0001047862,,,,,,,,,http://www.sec.gov/cgi-bin/browse-edgar?action=getcompany&CIK=ED
STZ,Constellation Brands,0000016918,,,,,,,,,http://www.sec.gov/cgi-bin/browse-edgar?action=getcompany&CIK=STZ
CEG,Constellation Energy,0001868275,,,,,,,,,http://www.sec.gov/cgi-bin/browse-edgar?action=getcompany&CIK=CEG
COO,Cooper Companies (The),0000711404,,,,,,,,,http://www.sec.gov/cgi-bin/browse-edgar?action=getcompany&CIK=COO
CPRT,Copart,0000900075,,,,,,,,,http://www.sec.gov/cgi-bin/browse-edgar?action=getcompany&CIK=CPRT
GLW,Corning Inc.,0000024741,,,,,,,,,http://www.sec.gov/cgi-bin/browse-edgar?action=getcompany&CIK=GLW
CPAY,Corpay,0001175454,,,,,,,,,http://www.sec.gov/cgi-bin/browse-edgar?action=getcompany&CIK=CPAY
CTVA,Corteva,0001755672,,,,,,,,,http://www.sec.gov/cgi-bin/browse-edgar?action=getcompany&CIK=CTVA
CSGP,CoStar Group,0001057352,,,,,,,,,http://www.sec.gov/cgi-bin/browse-edgar?action=getcompany&CIK=CSGP
COST,Costco,0000909832,,,,,,,,,http://www.sec.gov/cgi-bin/browse-edgar?action=getcompany&CIK=COST
CTRA,Coterra,0000858470,,,,,,,,,http://www.sec.gov/cgi-bin/browse-edgar?action=getcompany&CIK=CTRA
CRH,CRH plc,0000849395,,,,,,,,,
CRWD,CrowdStrike,0001535527,,,,,,,,,http://www.sec.gov/cgi-bin/browse-edgar?action=getcompany&CIK=CRWD
CCI,Crown Castle,0001051470,,,,,,,,,http://www.sec.gov/cgi-bin/browse-edgar?action=getcompany&CIK=CCI
CSX,CSX Corporation,0000277948,,,,,,,,,http://www.sec.gov/cgi-bin/browse-edgar?action=getcompany&CIK=CSX
CMI,Cummins,0000026172,,,,,,,,,http://www.sec.gov/cgi-bin/browse-edgar?action=getcompany&CIK=CMI
CVS,CVS Health,0000064803,,,,,,,,,http://www.sec.gov/cgi-bin/browse-edgar?action=getcompany&CIK=CVS
DHR,Danaher Corporation,0000313616,,,,,,,,,http://www.sec.gov/cgi-bin/browse-edgar?action=getcompany&CIK=DHR
DRI,Darden Restaurants,0000940944,,,,,,,,,http://www.sec.gov/cgi-bin/browse-edgar?action=getcompany&CIK=DRI
DDOG,Datadog,0001561550,,,,,,,,,
DVA,DaVita,0000927066,,,,,,,,,http://www.sec.gov/cgi-bin/browse-edgar?action=getcompany&CIK=DVA
DECK,Deckers Brands,0000910521,,,,,,,,,http://www.sec.gov/cgi-bin/browse-edgar?action=getcompany&CIK=DECK
DE,Deere & Company,0000315189,,,,,,,,,http://www.sec.gov/cgi-bin/browse-edgar?action=getcompany&CIK=DE
DELL,Dell Technologies,0001571996,,,,,,,,,http://www.sec.gov/cgi-bin/browse-edgar?action=getcompany&CIK=DELL
DAL,Delta Air Lines,0000027904,,,,,,,,,http://www.sec.gov/cgi-bin/browse-edgar?action=getcompany&CIK=DAL
DVN,Devon Energy,0001090012,,,,,,,,,http://www.sec.gov/cgi-bin/browse-edgar?action=getcompany&CIK=DVN
DXCM,Dexcom,0001093557,,,,,,,,,http://www.sec.gov/cgi-bin/browse-edgar?action=getcompany&CIK=DXCM
FANG,Diamondback Energy,0001539838,,,,,,,,,http://www.sec.gov/cgi-bin/browse-edgar?action=getcompany&CIK=FANG
DLR,Digital Realty,0001297996,,,,,,,,,http://www.sec.gov/cgi-bin/browse-edgar?action=getcompany&CIK=DLR
DG,Dollar General,0000029534,,,,,,,,,http://www.sec.gov/cgi-bin/browse-edgar?action=getcompany&CIK=DG
DLTR,Dollar Tree,0000935703,,,,,,,,,http://www.sec.gov/cgi-bin/browse-edgar?action=getcompany&CIK=DLTR
D,Dominion Energy,0000715957,,,,,,,,,http://www.sec.gov/cgi-bin/browse-edgar?action=getcompany&CIK=D
DPZ,Domino's,0001286681,,,,,,,,,http://www.sec.gov/cgi-bin/browse-edgar?action=getcompany&CIK=DPZ
DASH,DoorDash,0001792789,,,,,,,,,
DOV,Dover Corporation,0000029905,,,,,,,,,http://www.sec.gov/cgi-bin/browse-edgar?action=getcompany&CIK=DOV
DOW,Dow Inc.,0001751788,,,,,,,,,http://www.sec.gov/cgi-bin/browse-edgar?action=getcompany&CIK=DOW
DHI,D. R. Horton,0000882184,,,,,,,,,http://www.sec.gov/cgi-bin/browse-edgar?action=getcompany&CIK=DHI
DTE,DTE Energy,0000936340,,,,,,,,,http://www.sec.gov/cgi-bin/browse-edgar?action=getcompany&CIK=DTE
DUK,Duke Energy,0001326160,,,,,,,,,http://www.sec.gov/cgi-bin/browse-edgar?action=getcompany&CIK=DUK
DD,DuPont,0001666700,,,,,,,,,http://www.sec.gov/cgi-bin/browse-edgar?action=getcompany&CIK=DD
ETN,Eaton Corporation,0001551182,,,,,,,,,http://www.sec.gov/cgi-bin/browse-edgar?action=getcompany&CIK=ETN
EBAY,eBay Inc.,0001065088,,,,,,,,,http://www.sec.gov/cgi-bin/browse-edgar?action=getcompany&CIK=EBAY
ECL,Ecolab,0000031462,,,,,,,,,http://www.sec.gov/cgi-bin/browse-edgar?action=getcompany&CIK=ECL
EIX,Edison International,0000827052,,,,,,,,,http://www.sec.gov/cgi-bin/browse-edgar?action=getcompany&CIK=EIX
EW,Edwards Lifesciences,0001099800,,,,,,,,,http://www.sec.gov/cgi-bin/browse-edgar?action=getcompany&CIK=EW
EA,Electronic Arts,0000712515,,,,,,,,,http://www.sec.gov/cgi-bin/browse-edgar?action=getcompany&CIK=EA
ELV,Elevance Health,0001156039,,,,,,,,,http://www.sec.gov/cgi-bin/browse-edgar?action=getcompany&CIK=ELV
EME,Emcor,0000105634,,,,,,,,,
EMR,Emerson Electric,0000032604,,,,,,,,,http://www.sec.gov/cgi-bin/browse-edgar?action=getcompany&CIK=EMR
ETR,Entergy,0000065984,,,,,,,,,http://www.sec.gov/cgi-bin/browse-edgar?action=getcompany&CIK=ETR
EOG,EOG Resources,0000821189,,,,,,,,,http://www.sec.gov/cgi-bin/browse-edgar?action=getcompany&CIK=EOG
EPAM,EPAM Systems,0001352010,,,,,,,,,http://www.sec.gov/cgi-bin/browse-edgar?action=getcompany&CIK=EPAM
EQT,EQT Corporation,0000033213,,,,,,,,,http://www.sec.gov/cgi-bin/browse-edgar?action=getcompany&CIK=EQT
EFX,Equifax,0000033185,,,,,,,,,http://www.sec.gov/cgi-bin/browse-edgar?action=getcompany&CIK=EFX
EQIX,Equinix,0001101239,,,,,,,,,http://www.sec.gov/cgi-bin/browse-edgar?action=getcompany&CIK=EQIX
EQR,Equity Residential,0000906107,,,,,,,,,http://www.sec.gov/cgi-bin/browse-edgar?action=getcompany&CIK=EQR
ERIE,Erie Indemnity,0000922621,,,,,,,,,http://www.sec.gov/cgi-bin/browse-edgar?action=getcompany&CIK=ERIE
ESS,Essex Property Trust,0000920522,,,,,,,,,http://www.sec.gov/cgi-bin/browse-edgar?action=getcompany&CIK=ESS
EL,Estée Lauder Companies (The),0001001250,,,,,,,,,http://www.sec.gov/cgi-bin/browse-edgar?action=getcompany&CIK=EL
EG,Everest Group,0001095073,,,,,,,,,http://www.sec.gov/cgi-bin/browse-edgar?action=getcompany&CIK=EG
EVRG,Evergy,0001711269,,,,,,,,,http://www.sec.gov/cgi-bin/browse-edgar?action=getcompany&CIK=EVRG
ES,Eversource Energy,0000072741,,,,,,,,,http://www.sec.gov/cgi-bin/browse-edgar?action=getcompany&CIK=ES
EXC,Exelon,0001109357,,,,,,,,,http://www.sec.gov/cgi-bin/browse-edgar?action=getcompany&CIK=EXC
EXE,Expand Energy,0000895126,,,,,,,,,
EXPE,Expedia Group,0001324424,,,,,,,,,http://www.sec.gov/cgi-bin/browse-edgar?action=getcompany&CIK=EXPE
EXPD,Expeditors International,0000746515,,,,,,,,,http://www.sec.gov/cgi-bin/browse-edgar?action=getcompany&CIK=EXPD
EXR,Extra Space Storage,0001289490,,,,,,,,,http://www.sec.gov/cgi-bin/browse-edgar?action=getcompany&CIK=EXR
XOM,ExxonMobil,0000034088,,,,,,,,,http://www.sec.gov/cgi-bin/browse-edgar?action=getcompany&CIK=XOM
FFIV,"F5, Inc.",0001048695,,,,,,,,,http://www.sec.gov/cgi-bin/browse-edgar?action=getcompany&CIK=FFIV
FDS,FactSet,0001013237,,,,,,,,,http://www.sec.gov/cgi-bin/browse-edgar?action=getcompany&CIK=FDS
FICO,Fair Isaac,0000814547,,,,,,,,,http://www.sec.gov/cgi-bin/browse-edgar?action=getcompany&CIK=FICO
FAST,Fastenal,0000815556,,,,,,,,,http://www.sec.gov/cgi-bin/browse-edgar?action=getcompany&CIK=FAST
FRT,Federal Realty Investment Trust,0000034903,,,,,,,,,http://www.sec.gov/cgi-bin/browse-edgar?action=getcompany&CIK=FRT
FDX,FedEx,0001048911,,,,,,,,,http://www.sec.gov/cgi-bin/browse-edgar?action=getcompany&CIK=FDX
FIS,Fidelity National Information Services,0001136893,,,,,,,,,http://www.sec.gov/cgi-bin/browse-edgar?action=getcompany&CIK=FIS
FITB,Fifth Third Bancorp,0000035527,,,,,,,,,http://www.sec.gov/cgi-bin/browse-edgar?action=getcompany&CIK=FITB
FSLR,First Solar,0001274494,,,,,,,,,http://www.sec.gov/cgi-bin/browse-edgar?action=getcompany&CIK=FSLR
FE,FirstEnergy,0001031296,,,,,,,,,http://www.sec.gov/cgi-bin/browse-edgar?action=getcompany&CIK=FE
FISV,Fiserv,0000798354,,,,,,,,,
F,Ford Motor Company,0000037996,,,,,,,,,http://www.sec.gov/cgi-bin/browse-edgar?action=getcompany&CIK=F
FTNT,Fortinet,0001262039,,,,,,,,,http://www.sec.gov/cgi-bin/browse-edgar?action=getcompany&CIK=FTNT
FTV,Fortive,0001659166,,,,,,,,,http://www.sec.gov/cgi-bin/browse-edgar?action=getcompany&CIK=FTV
FOXA,Fox Corporation (Class A),0001754301,,,,,,,,,http://www.sec.gov/cgi-bin/browse-edgar?action=getcompany&CIK=FOXA
FOX,Fox Corporation (Class B),0001754301,,,,,,,,,http://www.sec.gov/cgi-bin/browse-edgar?action=getcompany&CIK=FOX
BEN,Franklin Resources,0000038777,,,,,,,,,http://www.sec.gov/cgi-bin/browse-edgar?action=getcompany&CIK=BEN
FCX,Freeport-McMoRan,0000831259,,,,,,,,,http://www.sec.gov/cgi-bin/browse-edgar?action=getcompany&CIK=FCX
GRMN,Garmin,0001121788,,,,,,,,,http://www.sec.gov/cgi-bin/browse-edgar?action=getcompany&CIK=GRMN
IT,Gartner,0000749251,,,,,,,,,http://www.sec.gov/cgi-bin/browse-edgar?action=getcompany&CIK=IT
GE,GE Aerospace,0000040545,,,,,,,,,http://www.sec.gov/cgi-bin/browse-edgar?action=getcompany&CIK=GE
GEHC,GE HealthCare,0001932393,,,,,,,,,http://www.sec.gov/cgi-bin/browse-edgar?action=getcompany&CIK=GEHC
GEV,GE Vernova,0001996810,,,,,,,,,http://www.sec.gov/cgi-bin/browse-edgar?action=getcompany&CIK=GEV
GEN,Gen Digital,0000849399,,,,,,,,,http://www.sec.gov/cgi-bin/browse-edgar?action=getcompany&CIK=GEN
GNRC,Generac,0001474735,,,,,,,,,http://www.sec.gov/cgi-bin/browse-edgar?action=getcompany&CIK=GNRC
GD,General Dynamics,0000040533,,,,,,,,,http://www.sec.gov/cgi-bin/browse-edgar?action=getcompany&CIK=GD
GIS,General Mills,0000040704,,,,,,,,,http://www.sec.gov/cgi-bin/browse-edgar?action=getcompany&CIK=GIS
GM,General Motors,0001467858,,,,,,,,,http://www.sec.gov/cgi-bin/browse-edgar?action=getcompany&CIK=GM
GPC,Genuine Parts Company,0000040987,,,,,,,,,http://www.sec.gov/cgi-bin/browse-edgar?action=getcompany&CIK=GPC
GILD,Gilead Sciences,0000882095,,,,,,,,,http://www.sec.gov/cgi-bin/browse-edgar?action=getcompany&CIK=GILD
GPN,Global Payments,0001123360,,,,,,,,,http://www.sec.gov/cgi-bin/browse-edgar?action=getcompany&CIK=GPN
GL,Globe Life,0000320335,,,,,,,,,http://www.sec.gov/cgi-bin/browse-edgar?action=getcompany&CIK=GL
GDDY,GoDaddy,0001609711,,,,,,,,,http://www.sec.gov/cgi-bin/browse-edgar?action=getcompany&CIK=GDDY
GS,Goldman Sachs,0000886982,,,,,,,,,http://www.sec.gov/cgi-bin/browse-edgar?action=getcompany&CIK=GS
HAL,Halliburton,0000045012,,,,,,,,,http://www.sec.gov/cgi-bin/browse-edgar?action=getcompany&CIK=HAL
HIG,Hartford (The),0000874766,,,,,,,,,http://www.sec.gov/cgi-bin/browse-edgar?action=getcompany&CIK=HIG
HAS,Hasbro,0000046080,,,,,,,,,http://www.sec.gov/cgi-bin/browse-edgar?action=getcompany&CIK=HAS
HCA,HCA Healthcare,0000860730,,,,,,,,,http://www.sec.gov/cgi-bin/browse-edgar?action=getcompany&CIK=HCA
DOC,Healthpeak Properties,0000765880,,,,,,,,,http://www.sec.gov/cgi-bin/browse-edgar?action=getcompany&CIK=DOC
HSIC,Henry Schein,0001000228,,,,,,,,,http://www.sec.gov/cgi-bin/browse-edgar?action=getcompany&CIK=HSIC
HSY,Hershey Company (The),0000047111,,,,,,,,,http://www.sec.gov/cgi-bin/browse-edgar?action=getcompany&CIK=HSY
HPE,Hewlett Packard Enterprise,0001645590,,,,,,,,,http://www.sec.gov/cgi-bin/browse-edgar?action=getcompany&CIK=HPE
HLT,Hilton Worldwide,0001585689,,,,,,,,,http://www.sec.gov/cgi-bin/browse-edgar?action=getcompany&CIK=HLT
HOLX,Hologic,0000859737,,,,,,,,,http://www.sec.gov/cgi-bin/browse-edgar?action=getcompany&CIK=HOLX
HD,Home Depot (The),0000354950,,,,,,,,,http://www.sec.gov/cgi-bin/browse-edgar?action=getcompany&CIK=HD
HON,Honeywell,0000773840,,,,,,,,,http://www.sec.gov/cgi-bin/browse-edgar?action=getcompany&CIK=HON
HRL,Hormel Foods,0000048465,,,,,,,,,http://www.sec.gov/cgi-bin/browse-edgar?action=getcompany&CIK=HRL
HST,Host Hotels & Resorts,0001070750,,,,,,,,,http://www.sec.gov/cgi-bin/browse-edgar?action=getcompany&CIK=HST
HWM,Howmet Aerospace,0000004281,,,,,,,,,http://www.sec.gov/cgi-bin/browse-edgar?action=getcompany&CIK=HWM
HPQ,HP Inc.,0000047217,,,,,,,,,http://www.sec.gov/cgi-bin/browse-edgar?action=getcompany&CIK=HPQ
HUBB,Hubbell Incorporated,0000048898,,,,,,,,,http://www.sec.gov/cgi-bin/browse-edgar?action=getcompany&CIK=HUBB
HUM,Humana,0000049071,,,,,,,,,http://www.sec.gov/cgi-bin/browse-edgar?action=getcompany&CIK=HUM
HBAN,Huntington Bancshares,0000049196,,,,,,,,,http://www.sec.gov/cgi-bin/browse-edgar?action=getcompany&CIK=HBAN
HII,Huntington Ingalls Industries,0001501585,,,,,,,,,http://www.sec.gov/cgi-bin/browse-edgar?action=getcompany&CIK=HII
IBM,IBM,0000051143,,,,,,,,,http://www.sec.gov/cgi-bin/browse-edgar?action=getcompany&CIK=IBM
IEX,IDEX Corporation,0000832101,,,,,,,,,http://www.sec.gov/cgi-bin/browse-edgar?action=getcompany&CIK=IEX
IDXX,Idexx Laboratories,0000874716,,,,,,,,,http://www.sec.gov/cgi-bin/browse-edgar?action=getcompany&CIK=IDXX
ITW,Illinois Tool Works,0000049826,,,,,,,,,http://www.sec.gov/cgi-bin/browse-edgar?action=getcompany&CIK=ITW
INCY,Incyte,0000879169,,,,,,,,,http://www.sec.gov/cgi-bin/browse-edgar?action=getcompany&CIK=INCY
IR,Ingersoll Rand,0001699150,,,,,,,,,http://www.sec.gov/cgi-bin/browse-edgar?action=getcompany&CIK=IR
PODD,Insulet Corporation,0001145197,,,,,,,,,http://www.sec.gov/cgi-bin/browse-edgar?action=getcompany&CIK=PODD
INTC,Intel,0000050863,,,,,,,,,http://www.sec.gov/cgi-bin/browse-edgar?action=getcompany&CIK=INTC
IBKR,Interactive Brokers,0001381197,,,,,,,,,
ICE,Intercontinental Exchange,0001571949,,,,,,,,,http://www.sec.gov/cgi-bin/browse-edgar?action=getcompany&CIK=ICE
IFF,International Flavors & Fragrances,0000051253,,,,,,,,,http://www.sec.gov/cgi-bin/browse-edgar?action=getcompany&CIK=IFF
IP,International Paper,0000051434,,,,,,,,,http://www.sec.gov/cgi-bin/browse-edgar?action=getcompany&CIK=IP
INTU,Intuit,0000896878,,,,,,,,,http://www.sec.gov/cgi-bin/browse-edgar?action=getcompany&CIK=INTU
ISRG,Intuitive Surgical,0001035267,,,,,,,,,http://www.sec.gov/cgi-bin/browse-edgar?action=getcompany&CIK=ISRG
IVZ,Invesco,0000914208,,,,,,,,,http://www.sec.gov/cgi-bin/browse-edgar?action=getcompany&CIK=IVZ
INVH,Invitation Homes,0001687229,,,,,,,,,http://www.sec.gov/cgi-bin/browse-edgar?action=getcompany&CIK=INVH
IQV,IQVIA,0001478242,,,,,,,,,http://www.sec.gov/cgi-bin/browse-edgar?action=getcompany&CIK=IQV
IRM,Iron Mountain,0001020569,,,,,,,,,http://www.sec.gov/cgi-bin/browse-edgar?action=getcompany&CIK=IRM
JBHT,J.B. Hunt,0000728535,,,,,,,,,http://www.sec.gov/cgi-bin/browse-edgar?action=getcompany&CIK=JBHT
JBL,Jabil,0000898293,,,,,,,,,http://www.sec.gov/cgi-bin/browse-edgar?action=getcompany&CIK=JBL
JKHY,Jack Henry & Associates,0000779152,,,,,,,,,http://www.sec.gov/cgi-bin/browse-edgar?action=getcompany&CIK=JKHY
J,Jacobs Solutions,0000052988,,,,,,,,,http://www.sec.gov/cgi-bin/browse-edgar?action=getcompany&CIK=J
JNJ,Johnson & Johnson,0000200406,,,,,,,,,http://www.sec.gov/cgi-bin/browse-edgar?action=getcompany&CIK=JNJ
JCI,Johnson Controls,0000833444,,,,,,,,,http://www.sec.gov/cgi-bin/browse-edgar?action=getcompany&CIK=JCI
JPM,JPMorgan Chase,0000019617,,,,,,,,,http://www.sec.gov/cgi-bin/browse-edgar?action=getcompany&CIK=JPM
KVUE,Kenvue,0001944048,,,,,,,,,http://www.sec.gov/cgi-bin/browse-edgar?action=getcompany&CIK=KVUE
KDP,Keurig Dr Pepper,0001418135,,,,,,,,,http://www.sec.gov/cgi-bin/browse-edgar?action=getcompany&CIK=KDP
KEY,KeyCorp,0000091576,,,,,,,,,http://www.sec.gov/cgi-bin/browse-edgar?action=getcompany&CIK=KEY
KEYS,Keysight Technologies,0001601046,,,,,,,,,http://www.sec.gov/cgi-bin/browse-edgar?action=getcompany&CIK=KEYS
KMB,Kimberly-Clark,0000055785,,,,,,,,,http://www.sec.gov/cgi-bin/browse-edgar?action=getcompany&CIK=KMB
KIM,Kimco Realty,0000879101,,,,,,,,,http://www.sec.gov/cgi-bin/browse-edgar?action=getcompany&CIK=KIM
KMI,Kinder Morgan,0001506307,,,,,,,,,http://www.sec.gov/cgi-bin/browse-edgar?action=getcompany&CIK=KMI
KKR,KKR & Co.,0001404912,,,,,,,,,http://www.sec.gov/cgi-bin/browse-edgar?action=getcompany&CIK=KKR
KLAC,KLA Corporation,0000319201,,,,,,,,,http://www.sec.gov/cgi-bin/browse-edgar?action=getcompany&CIK=KLAC
KHC,Kraft Heinz,0001637459,,,,,,,,,http://www.sec.gov/cgi-bin/browse-edgar?action=getcompany&CIK=KHC
KR,Kroger,0000056873,,,,,,,,,http://www.sec.gov/cgi-bin/browse-edgar?action=getcompany&CIK=KR
LHX,L3Harris,0000202058,,,,,,,,,http://www.sec.gov/cgi-bin/browse-edgar?action=getcompany&CIK=LHX
LH,Labcorp,0000920148,,,,,,,,,http://www.sec.gov/cgi-bin/browse-edgar?action=getcompany&CIK=LH
LRCX,Lam Research,0000707549,,,,,,,,,http://www.sec.gov/cgi-bin/browse-edgar?action=getcompany&CIK=LRCX
LW,Lamb Weston,0001679273,,,,,,,,,http://www.sec.gov/cgi-bin/browse-edgar?action=getcompany&CIK=LW
LVS,Las Vegas Sands,0001300514,,,,,,,,,http://www.sec.gov/cgi-bin/browse-edgar?action=getcompany&CIK=LVS
LDOS,Leidos,0001336920,,,,,,,,,http://www.sec.gov/cgi-bin/browse-edgar?action=getcompany&CIK=LDOS
LEN,Lennar,0000920760,,,,,,,,,http://www.sec.gov/cgi-bin/browse-edgar?action=getcompany&CIK=LEN
LII,Lennox International,0001069202,,,,,,,,,
LLY,Lilly (Eli),0000059478,,,,,,,,,http://www.sec.gov/cgi-bin/browse-edgar?action=getcompany&CIK=LLY
LIN,Linde plc,0001707925,,,,,,,,,http://www.sec.gov/cgi-bin/browse-edgar?action=getcompany&CIK=LIN
LYV,Live Nation Entertainment,0001335258,,,,,,,,,http://www.sec.gov/cgi-bin/browse-edgar?action=getcompany&CIK=LYV
LMT,Lockheed Martin,0000936468,,,,,,,,,http://www.sec.gov/cgi-bin/browse-edgar?action=getcompany&CIK=LMT
L,Loews Corporation,0000060086,,,,,,,,,http://www.sec.gov/cgi-bin/browse-edgar?action=getcompany&CIK=L
LOW,Lowe's,0000060667,,,,,,,,,http://www.sec.gov/cgi-bin/browse-edgar?action=getcompany&CIK=LOW
LULU,Lululemon Athletica,0001397187,,,,,,,,,http://www.sec.gov/cgi-bin/browse-edgar?action=getcompany&CIK=LULU
LYB,LyondellBasell,0001489393,,,,,,,,,http://www.sec.gov/cgi-bin/browse-edgar?action=getcompany&CIK=LYB
MTB,M&T Bank,0000036270,,,,,,,,,http://www.sec.gov/cgi-bin/browse-edgar?action=getcompany&CIK=MTB
MPC,Marathon Petroleum,0001510295,,,,,,,,,http://www.sec.gov/cgi-bin/browse-edgar?action=getcompany&CIK=MPC
MAR,Marriott International,0001048286,,,,,,,,,http://www.sec.gov/cgi-bin/browse-edgar?action=getcompany&CIK=MAR
MRSH,Marsh McLennan,0000062709,,,,,,,,,
MLM,Martin Marietta Materials,0000916076,,,,,,,,,http://www.sec.gov/cgi-bin/browse-edgar?action=getcompany&CIK=MLM
MAS,Masco,0000062996,,,,,,,,,http://www.sec.gov/cgi-bin/browse-edgar?action=getcompany&CIK=MAS
MA,Mastercard,0001141391,,,,,,,,,http://www.sec.gov/cgi-bin/browse-edgar?action=getcompany&CIK=MA
MTCH,Match Group,0000891103,,,,,,,,,http://www.sec.gov/cgi-bin/browse-edgar?action=getcompany&CIK=MTCH
MKC,McCormick & Company,0000063754,,,,,,,,,http://www.sec.gov/cgi-bin/browse-edgar?action=getcompany&CIK=MKC
MCD,McDonald's,0000063908,,,,,,,,,http://www.sec.gov/cgi-bin/browse-edgar?action=getcompany&CIK=MCD
MCK,McKesson Corporation,0000927653,,,,,,,,,http://www.sec.gov/cgi-bin/browse-edgar?action=getcompany&CIK=MCK
MDT,Medtronic,0001613103,,,,,,,,,http://www.sec.gov/cgi-bin/browse-edgar?action=getcompany&CIK=MDT
MRK,Merck & Co.,0000310158,,,,,,,,,http://www.sec.gov/cgi-bin/browse-edgar?action=getcompany&CIK=MRK
META,Meta Platforms,0001326801,,,,,,,,,http://www.sec.gov/cgi-bin/browse-edgar?action=getcompany&CIK=META
MET,MetLife,0001099219,,,,,,,,,http://www.sec.gov/cgi-bin/browse-edgar?action=getcompany&CIK=MET
MTD,Mettler Toledo,0001037646,,,,,,,,,http://www.sec.gov/cgi-bin/browse-edgar?action=getcompany&CIK=MTD
MGM,MGM Resorts,0000789570,,,,,,,,,http://www.sec.gov/cgi-bin/browse-edgar?action=getcompany&CIK=MGM
MCHP,Microchip Technology,0000827054,,,,,,,,,http://www.sec.gov/cgi-bin/browse-edgar?action=getcompany&CIK=MCHP
MU,Micron Technology,0000723125,,,,,,,,,http://www.sec.gov/cgi-bin/browse-edgar?action=getcompany&CIK=MU
MSFT,Microsoft,0000789019,,,,,,,,,http://www.sec.gov/cgi-bin/browse-edgar?action=getcompany&CIK=MSFT
MAA,Mid-America Apartment Communities,0000912595,,,,,,,,,http://www.sec.gov/cgi-bin/browse-edgar?action=getcompany&CIK=MAA
MRNA,Moderna,0001682852,,,,,,,,,http://www.sec.gov/cgi-bin/browse-edgar?action=getcompany&CIK=MRNA
MOH,Molina Healthcare,0001179929,,,,,,,,,http://www.sec.gov/cgi-bin/browse-edgar?action=getcompany&CIK=MOH
TAP,Molson Coors Beverage Company,0000024545,,,,,,,,,http://www.sec.gov/cgi-bin/browse-edgar?action=getcompany&CIK=TAP
MDLZ,Mondelez International,0001103982,,,,,,,,,http://www.sec.gov/cgi-bin/browse-edgar?action=getcompany&CIK=MDLZ
MPWR,Monolithic Power Systems,0001280452,,,,,,,,,http://www.sec.gov/cgi-bin/browse-edgar?action=getcompany&CIK=MPWR
MNST,Monster Beverage,0000865752,,,,,,,,,http://www.sec.gov/cgi-bin/browse-edgar?action=getcompany&CIK=MNST
MCO,Moody's Corporation,0001059556,,,,,,,,,http://www.sec.gov/cgi-bin/browse-edgar?action=getcompany&CIK=MCO
MS,Morgan Stanley,0000895421,,,,,,,,,http://www.sec.gov/cgi-bin/browse-edgar?action=getcompany&CIK=MS
MOS,Mosaic Company (The),0001285785,,,,,,,,,http://www.sec.gov/cgi-bin/browse-edgar?action=getcompany&CIK=MOS
MSI,Motorola Solutions,0000068505,,,,,,,,,http://www.sec.gov/cgi-bin/browse-edgar?action=getcompany&CIK=MSI
MSCI,MSCI Inc.,0001408198,,,,,,,,,http://www.sec.gov/cgi-bin/browse-edgar?action=getcompany&CIK=MSCI
NDAQ,"Nasdaq, Inc.",0001120193,,,,,,,,,http://www.sec.gov/cgi-bin/browse-edgar?action=getcompany&CIK=NDAQ
NTAP,NetApp,0001002047,,,,,,,,,http://www.sec.gov/cgi-bin/browse-edgar?action=getcompany&CIK=NTAP
NFLX,Netflix,0001065280,,,,,,,,,http://www.sec.gov/cgi-bin/browse-edgar?action=getcompany&CIK=NFLX
NEM,Newmont,0001164727,,,,,,,,,http://www.sec.gov/cgi-bin/browse-edgar?action=getcompany&CIK=NEM
NWSA,News Corp (Class A),0001564708,,,,,,,,,http://www.sec.gov/cgi-bin/browse-edgar?action=getcompany&CIK=NWSA
NWS,News Corp (Class B),0001564708,,,,,,,,,http://www.sec.gov/cgi-bin/browse-edgar?action=getcompany&CIK=NWS
NEE,NextEra Energy,0000753308,,,,,,,,,http://www.sec.gov/cgi-bin/browse-edgar?action=getcompany&CIK=NEE
NKE,"Nike, Inc.",0000320187,,,,,,,,,http://www.sec.gov/cgi-bin/browse-edgar?action=getcompany&CIK=NKE
NI,NiSource,0001111711,,,,,,,,,http://www.sec.gov/cgi-bin/browse-edgar?action=getcompany&CIK=NI
NDSN,Nordson Corporation,0000072331,,,,,,,,,http://www.sec.gov/cgi-bin/browse-edgar?action=getcompany&CIK=NDSN
NSC,Norfolk Southern,0000702165,,,,,,,,,http://www.sec.gov/cgi-bin/browse-edgar?action=getcompany&CIK=NSC
NTRS,Northern Trust,0000073124,,,,,,,,,http://www.sec.gov/cgi-bin/browse-edgar?action=getcompany&CIK=NTRS
NOC,Northrop Grumman,0001133421,,,,,,,,,http://www.sec.gov/cgi-bin/browse-edgar?action=getcompany&CIK=NOC
NCLH,Norwegian Cruise Line Holdings,0001513761,,,,,,,,,http://www.sec.gov/cgi-bin/browse-edgar?action=getcompany&CIK=NCLH
NRG,NRG Energy,0001013871,,,,,,,,,http://www.sec.gov/cgi-bin/browse-edgar?action=getcompany&CIK=NRG
NUE,Nucor,0000073309,,,,,,,,,http://www.sec.gov/cgi-bin/browse-edgar?action=getcompany&CIK=NUE
NVDA,Nvidia,0001045810,,,,,,,,,http://www.sec.gov/cgi-bin/browse-edgar?action=getcompany&CIK=NVDA
NVR,"NVR, Inc.",0000906163,,,,,,,,,http://www.sec.gov/cgi-bin/browse-edgar?action=getcompany&CIK=NVR
NXPI,NXP Semiconductors,0001413447,,,,,,,,,http://www.sec.gov/cgi-bin/browse-edgar?action=getcompany&CIK=NXPI
ORLY,O’Reilly Automotive,0000898173,,,,,,,,,http://www.sec.gov/cgi-bin/browse-edgar?action=getcompany&CIK=ORLY
OXY,Occidental Petroleum,0000797468,,,,,,,,,http://www.sec.gov/cgi-bin/browse-edgar?action=getcompany&CIK=OXY
ODFL,Old Dominion,0000878927,,,,,,,,,http://www.sec.gov/cgi-bin/browse-edgar?action=getcompany&CIK=ODFL
OMC,Omnicom Group,0000029989,,,,,,,,,http://www.sec.gov/cgi-bin/browse-edgar?action=getcompany&CIK=OMC
ON,ON Semiconductor,0001097864,,,,,,,,,http://www.sec.gov/cgi-bin/browse-edgar?action=getcompany&CIK=ON
OKE,Oneok,0001039684,,,,,,,,,http://www.sec.gov/cgi-bin/browse-edgar?action=getcompany&CIK=OKE
ORCL,Oracle Corporation,0001341439,,,,,,,,,http://www.sec.gov/cgi-bin/browse-edgar?action=getcompany&CIK=ORCL
OTIS,Otis Worldwide,0001781335,,,,,,,,,http://www.sec.gov/cgi-bin/browse-edgar?action=getcompany&CIK=OTIS
PCAR,Paccar,0000075362,,,,,,,,,http://www.sec.gov/cgi-bin/browse-edgar?action=getcompany&CIK=PCAR
PKG,Packaging Corporation of America,0000075677,,,,,,,,,http://www.sec.gov/cgi-bin/browse-edgar?action=getcompany&CIK=PKG
PLTR,Palantir Technologies,0001321655,,,,,,,,,http://www.sec.gov/cgi-bin/browse-edgar?action=getcompany&CIK=PLTR
PANW,Palo Alto Networks,0001327567,,,,,,,,,http://www.sec.gov/cgi-bin/browse-edgar?action=getcompany&CIK=PANW
PSKY,Paramount Skydance Corporation,0002041610,,,,,,,,,
PH,Parker Hannifin,0000076334,,,,,,,,,http://www.sec.gov/cgi-bin/browse-edgar?action=getcompany&CIK=PH
PAYX,Paychex,0000723531,,,,,,,,,http://www.sec.gov/cgi-bin/browse-edgar?action=getcompany&CIK=PAYX
PAYC,Paycom,0001590955,,,,,,,,,http://www.sec.gov/cgi-bin/browse-edgar?action=getcompany&CIK=PAYC
PYPL,PayPal,0001633917,,,,,,,,,http://www.sec.gov/cgi-bin/browse-edgar?action=getcompany&CIK=PYPL
PNR,Pentair,0000077360,,,,,,,,,http://www.sec.gov/cgi-bin/browse-edgar?action=getcompany&CIK=PNR
PEP,PepsiCo,0000077476,,,,,,,,,http://www.sec.gov/cgi-bin/browse-edgar?action=getcompany&CIK=PEP
PFE,Pfizer,0000078003,,,,,,,,,http://www.sec.gov/cgi-bin/browse-edgar?action=getcompany&CIK=PFE
PCG,PG&E Corporation,0001004980,,,,,,,,,http://www.sec.gov/cgi-bin/browse-edgar?action=getcompany&CIK=PCG
PM,Philip Morris International,0001413329,,,,,,,,,http://www.sec.gov/cgi-bin/browse-edgar?action=getcompany&CIK=PM
PSX,Phillips 66,0001534701,,,,,,,,,http://www.sec.gov/cgi-bin/browse-edgar?action=getcompany&CIK=PSX
PNW,Pinnacle West Capital,0000764622,,,,,,,,,http://www.sec.gov/cgi-bin/browse-edgar?action=getcompany&CIK=PNW
PNC,PNC Financial Services,0000713676,,,,,,,,,http://www.sec.gov/cgi-bin/browse-edgar?action=getcompany&CIK=PNC
POOL,Pool Corporation,0000945841,,,,,,,,,http://www.sec.gov/cgi-bin/browse-edgar?action=getcompany&CIK=POOL
PPG,PPG Industries,0000079879,,,,,,,,,http://www.sec.gov/cgi-bin/browse-edgar?action=getcompany&CIK=PPG
PPL,PPL Corporation,0000922224,,,,,,,,,http://www.sec.gov/cgi-bin/browse-edgar?action=getcompany&CIK=PPL
PFG,Principal Financial Group,0001126328,,,,,,,,,http://www.sec.gov/cgi-bin/browse-edgar?action=getcompany&CIK=PFG
PG,Procter & Gamble,0000080424,,,,,,,,,http://www.sec.gov/cgi-bin/browse-edgar?action=getcompany&CIK=PG
PGR,Progressive Corporation,0000080661,,,,,,,,,http://www.sec.gov/cgi-bin/browse-edgar?action=getcompany&CIK=PGR
PLD,Prologis,0001045609,,,,,,,,,http://www.sec.gov/cgi-bin/browse-edgar?action=getcompany&CIK=PLD
PRU,Prudential Financial,0001137774,,,,,,,,,http://www.sec.gov/cgi-bin/browse-edgar?action=getcompany&CIK=PRU
PEG,Public Service Enterprise Group,0000788784,,,,,,,,,http://www.sec.gov/cgi-bin/browse-edgar?action=getcompany&CIK=PEG
PTC,PTC Inc.,0000857005,,,,,,,,,http://www.sec.gov/cgi-bin/browse-edgar?action=getcompany&CIK=PTC
PSA,Public Storage,0001393311,,,,,,,,,http://www.sec.gov/cgi-bin/browse-edgar?action=getcompany&CIK=PSA
PHM,PulteGroup,0000822416,,,,,,,,,http://www.sec.gov/cgi-bin/browse-edgar?action=getcompany&CIK=PHM
PWR,Quanta Services,0001050915,,,,,,,,,http://www.sec.gov/cgi-bin/browse-edgar?action=getcompany&CIK=PWR
QCOM,Qualcomm,0000804328,,,,,,,,,http://www.sec.gov/cgi-bin/browse-edgar?action=getcompany&CIK=QCOM
DGX,Quest Diagnostics,0001022079,,,,,,,,,http://www.sec.gov/cgi-bin/browse-edgar?action=getcompany&CIK=DGX
Q,Qnity Electronics,0002058873,,,,,,,,,
RL,Ralph Lauren Corporation,0001037038,,,,,,,,,http://www.sec.gov/cgi-bin/browse-edgar?action=getcompany&CIK=RL
RJF,Raymond James Financial,0000720005,,,,,,,,,http://www.sec.gov/cgi-bin/browse-edgar?action=getcompany&CIK=RJF
RTX,RTX Corporation,0000101829,,,,,,,,,http://www.sec.gov/cgi-bin/browse-edgar?action=getcompany&CIK=RTX
O,Realty Income,0000726728,,,,,,,,,http://www.sec.gov/cgi-bin/browse-edgar?action=getcompany&CIK=O
REG,Regency Centers,0000910606,,,,,,,,,http://www.sec.gov/cgi-bin/browse-edgar?action=getcompany&CIK=REG
REGN,Regeneron Pharmaceuticals,0000872589,,,,,,,,,http://www.sec.gov/cgi-bin/browse-edgar?action=getcompany&CIK=REGN
RF,Regions Financial Corporation,0001281761,,,,,,,,,http://www.sec.gov/cgi-bin/browse-edgar?action=getcompany&CIK=RF
RSG,Republic Services,0001060391,,,,,,,,,http://www.sec.gov/cgi-bin/browse-edgar?action=getcompany&CIK=RSG
RMD,ResMed,0000943819,,,,,,,,,http://www.sec.gov/cgi-bin/browse-edgar?action=getcompany&CIK=RMD
RVTY,Revvity,0000031791,,,,,,,,,http://www.sec.gov/cgi-bin/browse-edgar?action=getcompany&CIK=RVTY
HOOD,Robinhood Markets,0001783879,,,,,,,,,
ROK,Rockwell Automation,0001024478,,,,,,,,,http://www.sec.gov/cgi-bin/browse-edgar?action=getcompany&CIK=ROK
ROL,"Rollins, Inc.",0000084839,,,,,,,,,http://www.sec.gov/cgi-bin/browse-edgar?action=getcompany&CIK=ROL
ROP,Roper Technologies,0000882835,,,,,,,,,http://www.sec.gov/cgi-bin/browse-edgar?action=getcompany&CIK=ROP
ROST,Ross Stores,0000745732,,,,,,,,,http://www.sec.gov/cgi-bin/browse-edgar?action=getcompany&CIK=ROST
RCL,Royal Caribbean Group,0000884887,,,,,,,,,http://www.sec.gov/cgi-bin/browse-edgar?action=getcompany&CIK=RCL
SPGI,S&P Global,0000064040,,,,,,,,,http://www.sec.gov/cgi-bin/browse-edgar?action=getcompany&CIK=SPGI
CRM,Salesforce,0001108524,,,,,,,,,http://www.sec.gov/cgi-bin/browse-edgar?action=getcompany&CIK=CRM
SNDK,Sandisk,0002023554,,,,,,,,,
SBAC,SBA Communications,0001034054,,,,,,,,,http://www.sec.gov/cgi-bin/browse-edgar?action=getcompany&CIK=SBAC
SLB,Schlumberger,0000087347,,,,,,,,,http://www.sec.gov/cgi-bin/browse-edgar?action=getcompany&CIK=SLB
STX,Seagate Technology,0001137789,,,,,,,,,http://www.sec.gov/cgi-bin/browse-edgar?action=getcompany&CIK=STX
SRE,Sempra,0001032208,,,,,,,,,http://www.sec.gov/cgi-bin/browse-edgar?action=getcompany&CIK=SRE
NOW,ServiceNow,0001373715,,,,,,,,,http://www.sec.gov/cgi-bin/browse-edgar?action=getcompany&CIK=NOW
SHW,Sherwin-Williams,0000089800,,,,,,,,,http://www.sec.gov/cgi-bin/browse-edgar?action=getcompany&CIK=SHW
SPG,Simon Property Group,0001063761,,,,,,,,,http://www.sec.gov/cgi-bin/browse-edgar?action=getcompany&CIK=SPG
SWKS,Skyworks Solutions,0000004127,,,,,,,,,http://www.sec.gov/cgi-bin/browse-edgar?action=getcompany&CIK=SWKS
SJM,J.M. Smucker Company (The),0000091419,,,,,,,,,http://www.sec.gov/cgi-bin/browse-edgar?action=getcompany&CIK=SJM
SW,Smurfit Westrock,0002005951,,,,,,,,,http://www.sec.gov/cgi-bin/browse-edgar?action=getcompany&CIK=SW
SNA,Snap-on,0000091440,,,,,,,,,http://www.sec.gov/cgi-bin/browse-edgar?action=getcompany&CIK=SNA
SOLV,Solventum,0001964738,,,,,,,,,http://www.sec.gov/cgi-bin/browse-edgar?action=getcompany&CIK=SOLV
SO,Southern Company,0000092122,,,,,,,,,http://www.sec.gov/cgi-bin/browse-edgar?action=getcompany&CIK=SO
LUV,Southwest Airlines,0000092380,,,,,,,,,http://www.sec.gov/cgi-bin/browse-edgar?action=getcompany&CIK=LUV
SWK,Stanley Black & Decker,0000093556,,,,,,,,,http://www.sec.gov/cgi-bin/browse-edgar?action=getcompany&CIK=SWK
SBUX,Starbucks,0000829224,,,,,,,,,http://www.sec.gov/cgi-bin/browse-edgar?action=getcompany&CIK=SBUX
STT,State Street Corporation,0000093751,,,,,,,,,http://www.sec.gov/cgi-bin/browse-edgar?action=getcompany&CIK=STT
STLD,Steel Dynamics,0001022671,,,,,,,,,http://www.sec.gov/cgi-bin/browse-edgar?action=getcompany&CIK=STLD
STE,Steris,0001757898,,,,,,,,,http://www.sec.gov/cgi-bin/browse-edgar?action=getcompany&CIK=STE
SYK,Stryker Corporation,0000310764,,,,,,,,,http://www.sec.gov/cgi-bin/browse-edgar?action=getcompany&CIK=SYK
SMCI,Supermicro,0001375365,,,,,,,,,http://www.sec.gov/cgi-bin/browse-edgar?action=getcompany&CIK=SMCI
SYF,Synchrony Financial,0001601712,,,,,,,,,http://www.sec.gov/cgi-bin/browse-edgar?action=getcompany&CIK=SYF
SNPS,Synopsys,0000883241,,,,,,,,,http://www.sec.gov/cgi-bin/browse-edgar?action=getcompany&CIK=SNPS
SYY,Sysco,0000096021,,,,,,,,,http://www.sec.gov/cgi-bin/browse-edgar?action=getcompany&CIK=SYY
TMUS,T-Mobile US,0001283699,,,,,,,,,http://www.sec.gov/cgi-bin/browse-edgar?action=getcompany&CIK=TMUS
TROW,T. Rowe Price,0001113169,,,,,,,,,http://www.sec.gov/cgi-bin/browse-edgar?action=getcompany&CIK=TROW
TTWO,Take-Two Interactive,0000946581,,,,,,,,,http://www.sec.gov/cgi-bin/browse-edgar?action=getcompany&CIK=TTWO
TPR,"Tapestry, Inc.",0001116132,,,,,,,,,http://www.sec.gov/cgi-bin/browse-edgar?action=getcompany&CIK=TPR
TRGP,Targa Resources,0001389170,,,,,,,,,http://www.sec.gov/cgi-bin/browse-edgar?action=getcompany&CIK=TRGP
TGT,Target Corporation,0000027419,,,,,,,,,http://www.sec.gov/cgi-bin/browse-edgar?action=getcompany&CIK=TGT
TEL,TE Connectivity,0001385157,,,,,,,,,http://www.sec.gov/cgi-bin/browse-edgar?action=getcompany&CIK=TEL
TDY,Teledyne Technologies,0001094285,,,,,,,,,http://www.sec.gov/cgi-bin/browse-edgar?action=getcompany&CIK=TDY
TER,Teradyne,0000097210,,,,,,,,,http://www.sec.gov/cgi-bin/browse-edgar?action=getcompany&CIK=TER
TSLA,"Tesla, Inc.",0001318605,,,,,,,,,http://www.sec.gov/cgi-bin/browse-edgar?action=getcompany&CIK=TSLA
TXN,Texas Instruments,0000097476,,,,,,,,,http://www.sec.gov/cgi-bin/browse-edgar?action=getcompany&CIK=TXN
TPL,Texas Pacific Land Corporation,0001811074,,,,,,,,,
TXT,Textron,0000217346,,,,,,,,,http://www.sec.gov/cgi-bin/browse-edgar?action=getcompany&CIK=TXT
TMO,Thermo Fisher Scientific,0000097745,,,,,,,,,http://www.sec.gov/cgi-bin/browse-edgar?action=getcompany&CIK=TMO
TJX,TJX Companies,0000109198,,,,,,,,,http://www.sec.gov/cgi-bin/browse-edgar?action=getcompany&CIK=TJX
TKO,TKO Group Holdings,0001973266,,,,,,,,,
TTD,Trade Desk (The),0001671933,,,,,,,,,
TSCO,Tractor Supply,0000916365,,,,,,,,,http://www.sec.gov/cgi-bin/browse-edgar?action=getcompany&CIK=TSCO
TT,Trane Technologies,0001466258,,,,,,,,,http://www.sec.gov/cgi-bin/browse-edgar?action=getcompany&CIK=TT
TDG,TransDigm Group,0001260221,,,,,,,,,http://www.sec.gov/cgi-bin/browse-edgar?action=getcompany&CIK=TDG
TRV,Travelers Companies (The),0000086312,,,,,,,,,http://www.sec.gov/cgi-bin/browse-edgar?action=getcompany&CIK=TRV
TRMB,Trimble Inc.,0000864749,,,,,,,,,http://www.sec.gov/cgi-bin/browse-edgar?action=getcompany&CIK=TRMB
TFC,Truist Financial,0000092230,,,,,,,,,http://www.sec.gov/cgi-bin/browse-edgar?action=getcompany&CIK=TFC
TYL,Tyler Technologies,0000860731,,,,,,,,,http://www.sec.gov/cgi-bin/browse-edgar?action=getcompany&CIK=TYL
TSN,Tyson Foods,0000100493,,,,,,,,,http://www.sec.gov/cgi-bin/browse-edgar?action=getcompany&CIK=TSN
USB,U.S. Bancorp,0000036104,,,,,,,,,http://www.sec.gov/cgi-bin/browse-edgar?action=getcompany&CIK=USB
UBER,Uber,0001543151,,,,,,,,,http://www.sec.gov/cgi-bin/browse-edgar?action=getcompany&CIK=UBER
UDR,"UDR, Inc.",0000074208,,,,,,,,,http://www.sec.gov/cgi-bin/browse-edgar?action=getcompany&CIK=UDR
ULTA,Ulta Beauty,0001403568,,,,,,,,,http://www.sec.gov/cgi-bin/browse-edgar?action=getcompany&CIK=ULTA
UNP,Union Pacific Corporation,0000100885,,,,,,,,,http://www.sec.gov/cgi-bin/browse-edgar?action=getcompany&CIK=UNP
UAL,United Airlines Holdings,0000100517,,,,,,,,,http://www.sec.gov/cgi-bin/browse-edgar?action=getcompany&CIK=UAL
UPS,United Parcel Service,0001090727,,,,,,,,,http://www.sec.gov/cgi-bin/browse-edgar?action=getcompany&CIK=UPS
URI,United Rentals,0001067701,,,,,,,,,http://www.sec.gov/cgi-bin/browse-edgar?action=getcompany&CIK=URI
UNH,UnitedHealth Group,0000731766,,,,,,,,,http://www.sec.gov/cgi-bin/browse-edgar?action=getcompany&CIK=UNH
UHS,Universal Health Services,0000352915,,,,,,,,,http://www.sec.gov/cgi-bin/browse-edgar?action=getcompany&CIK=UHS
VLO,Valero Energy,0001035002,,,,,,,,,http://www.sec.gov/cgi-bin/browse-edgar?action=getcompany&CIK=VLO
VTR,Ventas,0000740260,,,,,,,,,http://www.sec.gov/cgi-bin/browse-edgar?action=getcompany&CIK=VTR
VLTO,Veralto,0001967680,,,,,,,,,http://www.sec.gov/cgi-bin/browse-edgar?action=getcompany&CIK=VLTO
VRSN,Verisign,0001014473,,,,,,,,,http://www.sec.gov/cgi-bin/browse-edgar?action=getcompany&CIK=VRSN
VRSK,Verisk Analytics,0001442145,,,,,,,,,http://www.sec.gov/cgi-bin/browse-edgar?action=getcompany&CIK=VRSK
VZ,Verizon,0000732712,,,,,,,,,http://www.sec.gov/cgi-bin/browse-edgar?action=getcompany&CIK=VZ
VRTX,Vertex Pharmaceuticals,0000875320,,,,,,,,,http://www.sec.gov/cgi-bin/browse-edgar?action=getcompany&CIK=VRTX
VTRS,Viatris,0001792044,,,,,,,,,http://www.sec.gov/cgi-bin/browse-edgar?action=getcompany&CIK=VTRS
VICI,Vici Properties,0001705696,,,,,,,,,http://www.sec.gov/cgi-bin/browse-edgar?action=getcompany&CIK=VICI
V,Visa Inc.,0001403161,,,,,,,,,http://www.sec.gov/cgi-bin/browse-edgar?action=getcompany&CIK=V
VST,Vistra Corp.,0001692819,,,,,,,,,http://www.sec.gov/cgi-bin/browse-edgar?action=getcompany&CIK=VST
VMC,Vulcan Materials Company,0001396009,,,,,,,,,http://www.sec.gov/cgi-bin/browse-edgar?action=getcompany&CIK=VMC
WRB,W. R. Berkley Corporation,0000011544,,,,,,,,,http://www.sec.gov/cgi-bin/browse-edgar?action=getcompany&CIK=WRB
GWW,W. W. Grainger,0000277135,,,,,,,,,http://www.sec.gov/cgi-bin/browse-edgar?action=getcompany&CIK=GWW
WAB,Wabtec,0000943452,,,,,,,,,http://www.sec.gov/cgi-bin/browse-edgar?action=getcompany&CIK=WAB
WMT,Walmart,0000104169,,,,,,,,,http://www.sec.gov/cgi-bin/browse-edgar?action=getcompany&CIK=WMT
DIS,Walt Disney Company (The),0001744489,,,,,,,,,http://www.sec.gov/cgi-bin/browse-edgar?action=getcompany&CIK=DIS
WBD,Warner Bros. Discovery,0001437107,,,,,,,,,http://www.sec.gov/cgi-bin/browse-edgar?action=getcompany&CIK=WBD
WM,Waste Management,0000823768,,,,,,,,,http://www.sec.gov/cgi-bin/browse-edgar?action=getcompany&CIK=WM
WAT,Waters Corporation,0001000697,,,,,,,,,http://www.sec.gov/cgi-bin/browse-edgar?action=getcompany&CIK=WAT
WEC,WEC Energy Group,0000783325,,,,,,,,,http://www.sec.gov/cgi-bin/browse-edgar?action=getcompany&CIK=WEC
WFC,Wells Fargo,0000072971,,,,,,,,,http://www.sec.gov/cgi-bin/browse-edgar?action=getcompany&CIK=WFC
WELL,Welltower,0000766704,,,,,,,,,http://www.sec.gov/cgi-bin/browse-edgar?action=getcompany&CIK=WELL
WST,West Pharmaceutical Services,0000105770,,,,,,,,,http://www.sec.gov/cgi-bin/browse-edgar?action=getcompany&CIK=WST
WDC,Western Digital,0000106040,,,,,,,,,http://www.sec.gov/cgi-bin/browse-edgar?action=getcompany&CIK=WDC
WY,Weyerhaeuser,0000106535,,,,,,,,,http://www.sec.gov/cgi-bin/browse-edgar?action=getcompany&CIK=WY
WSM,"Williams-Sonoma, Inc.",0000719955,,,,,,,,,
WMB,Williams Companies,0000107263,,,,,,,,,http://www.sec.gov/cgi-bin/browse-edgar?action=getcompany&CIK=WMB
WTW,Willis Towers Watson,0001140536,,,,,,,,,http://www.sec.gov/cgi-bin/browse-edgar?action=getcompany&CIK=WTW
WDAY,"Workday, Inc.",0001327811,,,,,,,,,
WYNN,Wynn Resorts,0001174922,,,,,,,,,http://www.sec.gov/cgi-bin/browse-edgar?action=getcompany&CIK=WYNN
XEL,Xcel Energy,0000072903,,,,,,,,,http://www.sec.gov/cgi-bin/browse-edgar?action=getcompany&CIK=XEL
XYL,Xylem Inc.,0001524472,,,,,,,,,http://www.sec.gov/cgi-bin/browse-edgar?action=getcompany&CIK=XYL
YUM,Yum! Brands,0001041061,,,,,,,,,http://www.sec.gov/cgi-bin/browse-edgar?action=getcompany&CIK=YUM
ZBRA,Zebra Technologies,0000877212,,,,,,,,,http://www.sec.gov/cgi-bin/browse-edgar?action=getcompany&CIK=ZBRA
ZBH,Zimmer Biomet,0001136869,,,,,,,,,http://www.sec.gov/cgi-bin/browse-edgar?action=getcompany&CIK=ZBH
ZTS,Zoetis,0001555280,,,,,,,,,http://www.sec.gov/cgi-bin/browse-edgar?action=getcompany&CIK=ZTS
